Constituency Name,Winning Candidate,Runner up Candidate,Party ,Alliance, EVM Votes,Postal Votes,Total Votes,Margin
INDORE,SHANKAR LALWANI,NOTA, BJP,NDA,1558311,3657,1561968,1175092
DHUBRI,RAKIBUL HUSSAIN,MOHAMMED BADRUDDIN AJMAL, INC,I.N.D.I.A.,2445683,7925,2453608,1012476
VIDISHA,SHIVRAJ SINGH CHOUHAN,PRATAPBHANU SHARMA, BJP,NDA,1449038,6620,1455658,821408
NAVSARI,C R PATIL,NAISHADHBHAI BHUPATBHAI  DESAI, BJP,NDA,1326543,11673,1338216,773551
GANDHINAGAR,AMIT SHAH,SONAL RAMANBHAI PATEL, BJP,NDA,1304840,16962,1321802,744716
DIAMONDHARBOUR,ABHISHEK BANERJEE,ABHIJIT DAS (BOBBY), AITC,I.N.D.I.A.,1524223,6594,1530817,710930
TRIPURAWEST,BIPLAB KUMAR DEB,ASISH KUMAR SAHA, BJP,NDA,1192487,17322,1209809,611578
VADODARA,DR. HEMANG JOSHI,PADHIYAR  JASHPALSINH MAHENDRASINH (BAPU), BJP,NDA,1200380,11769,1212149,582126
RAIPUR,BRIJMOHAN AGRAWAL,VIKAS UPADHYAY, BJP,NDA,1582240,4515,1586755,575285
TIRUVALLUR,Sasikanth Senthil,"Balaganapathy, V. Pon", INC,I.N.D.I.A.,1413947,3865,1417812,572155
NALGONDA,KUNDURU RAGHUVEER,SAIDI REDDY SHANAMPUDI, INC,I.N.D.I.A.,1277136,19188,1296324,559905
GAUTAMBUDDHANAGAR,DR. MAHESH SHARMA,DR. MAHENDRA SINGH NAGAR, BJP,NDA,1433370,3874,1437244,559472
KHAJURAHO,VISHNU DATT SHARMA (V.D.SHARMA),KAMLESH KUMAR, BJP,NDA,1138109,2461,1140570,541229
GUNA,JYOTIRADITYA M. SCINDIA,YADVENDRA RAO DESHRAJ SINGH, BJP,NDA,1368520,5246,1373766,540929
PANCHMAHAL,RAJPALSINH MAHENDRASINH JADAV,GULABSINH SOMSINH CHAUHAN, BJP,NDA,1116210,15287,1131497,509342
VISAKHAPATNAM,SRIBHARAT MATHUKUMILI,JHANSI LAKSHMI. BOTCHA., TDP,NDA,1366795,20330,1387125,504247
BHOPAL,ALOK SHARMA,ADVOCATE ARUN SHRIVASTAVA, BJP,NDA,1494415,3870,1498285,501499
MANDSOUR,SUDHEER GUPTA,DILIP SINGH GURJAR, BJP,NDA,1428345,5147,1433492,500655
SRIPERUMBUDUR,T R BAALU,G PREMKUMAR, DMK,I.N.D.I.A.,1435381,5554,1440935,487029
TRIPURAEAST,KRITI DEVI DEBBARMAN,RAJENDRA REANG, BJP,NDA,1121664,12681,1134345,486819
JABALPUR,ASHISH DUBEY,DINESH YADAV, BJP,NDA,1156434,2111,1158545,486674
RAJKOT,PARSHOTTAMBHAI RUPALA,DHANANI PARESH, BJP,NDA,1260778,12764,1273542,484260
SAGAR,DR. LATA WANKHEDE,CHANDRA BHUSAN SINGH BUNDELA 'GUDDU RAJA', BJP,NDA,1147932,2617,1150549,471222
JOYNAGAR,PRATIMA MONDAL,ASHOK KANDARY, AITC,I.N.D.I.A.,1477368,5263,1482631,470219
KHAMMAM,RAMASAHAYAM RAGHURAM REDDY,NAMA NAGESWARA RAO, INC,I.N.D.I.A.,1240582,10701,1251283,467847
AHMEDABADEAST,HASMUKHBHAI PATEL (H.S.PATEL),HIMMATSINH PRAHLADSINH PATEL, BJP,NDA,1114791,13548,1128339,461755
BHAVNAGAR,NIMUBEN JAYANTIBHAI BAMBHANIYA (NIMUBEN BAMBHANIYA),UMESHBHAI NARANBHAI MAKWANA, BJP,NDA,1031533,15699,1047232,455289
DINDIGUL,SACHITHANANTHAM R,MOHAMED MUBARAK M A, CPI(M),I.N.D.I.A.,1143174,6447,1149621,443821
DURG,VIJAY BAGHEL,RAJENDRA SAHU, BJP,NDA,1539539,3248,1542787,438226
HOSHANGABAD,DARSHAN SINGH CHOUDHARY,SANJAY SHARMA SANJU BHAIYA, BJP,NDA,1247358,2334,1249692,431696
DEWAS,MAHENDRA SINGH SOLANKY,RAJENDRA RADHAKISHAN MALVIYA, BJP,NDA,1464796,4308,1469104,425225
DAMOH,RAHUL SINGH LODHI,TARBAR SINGH LODHI (BANTU BHAIYA), BJP,NDA,1087123,1821,1088944,406426
TIKAMGARH,DR. VIRENDRA KUMAR,KHUMAN URF PANKAJ AHIRWAR, BJP,NDA,1096402,1988,1098390,403312
CHHOTAUDAIPUR,JASHUBHAI BHILUBHAI RATHVA,SUKHRAMBHAI HARIYABHAI RATHWA, BJP,NDA,1258990,8729,1267719,398777
SHAHDOL,SMT. HIMADRI SINGH,PHUNDE LAL SINGH MARKO, BJP,NDA,1149082,2931,1152013,397340
THOOTHUKKUDI,KANIMOZHI KARUNANIDHI,SIVASAMY VELUMANI R, DMK,I.N.D.I.A.,973066,5460,978526,392738
RAJSAMAND,MAHIMA KUMARI MEWAR,DR. DAMODAR GURJAR, BJP,NDA,1203306,9824,1213130,392223
MALKAJGIRI,EATALA RAJENDER,PATNAM SUNEETHA MAHENDER REDDY, BJP,NDA,1915185,18658,1933843,391475
RAEBARELI,RAHUL GANDHI,DINESH PRATAP SINGH, INC,I.N.D.I.A.,1036644,2575,1039219,390030
CHITTORGARH,CHANDRA PRAKASH JOSHI,ANJANA UDAILAL, BJP,NDA,1488902,9831,1498733,389877
PERAMBALUR,ARUN NEHRU,CHANDRAMOHAN N D, DMK,I.N.D.I.A.,1119859,9367,1129226,389107
PORBANDAR,DR. MANSUKH MANDAVIYA,LALIT VASOYA, BJP,NDA,916558,12419,928977,383360
BETUL,DURGADAS (D. D.) UIKEY,RAMU TEKAM, BJP,NDA,1393686,2334,1396020,379761
KODARMA,ANNPURNA DEVI,VINOD KUMAR SINGH, BJP,NDA,1360792,9172,1369964,377014
UJJAIN,ANIL FIROJIYA,MAHESH PARMAR, BJP,NDA,1326071,2509,1328580,375860
SHILLONG,DR. RICKY ANDREW J. SYNGKON,VINCENT H. PALA, VOTPP,OTHER,1033451,4460,1037911,371910
JHALAWAR-BARAN,DUSHYANT SINGH,URMILA JAIN “BHAYA”, BJP,NDA,1415552,5779,1421331,370989
WAYANAD,RAHUL GANDHI,ANNIE RAJA, INC,I.N.D.I.A.,1075706,8947,1084653,364422
SONITPUR,RANJIT DUTTA,PREMLAL GANJU, BJP,NDA,1281074,7394,1288468,361408
KHEDA,DEVUSINH CHAUHAN,KALUSINH DABHI, BJP,NDA,1164397,11451,1175848,357758
MUMBAINORTH,PIYUSH GOYAL,BHUSHAN PATIL, BJP,NDA,1032503,2990,1035493,357608
BHILWARA,DAMODAR AGARWAL,C P JOSHI, BJP,NDA,1296244,8151,1304395,354606
MAHABUBABAD,BALRAM NAIK PORIKA,KAVITHA MALOTH, INC,I.N.D.I.A.,1100480,8306,1108786,349165
ROHTAK,DEEPENDER SINGH HOODA,DR. ARVIND KUMAR SHARMA, INC,I.N.D.I.A.,1239652,8794,1248446,345298
GUNTUR,DR CHANDRA SEKHAR PEMMASANI,KILARI VENKATA ROSAIAH, TDP,NDA,1404061,21310,1425371,344695
AMALAPURAM(SC),G M HARISH (BALAYOGI),RAPAKA VARAPRASADA RAO, TDP,NDA,1284957,16149,1301106,342196
CHENNAINORTH,DR.KALANIDHI VEERASWAMY,R. MANOHAR, DMK,I.N.D.I.A.,899330,3159,902489,339222
HYDERABAD,ASADUDDIN OWAISI,MADHAVI LATHA KOMPELLA, AIMIM,OTHER,1073544,6780,1080324,338087
UTTARAKANNADA,VISHWESHWAR HEGDE KAGERI,DR. ANJALI NIMBALKAR, BJP,NDA,1256012,6749,1262761,337428
GHAZIABAD,ATUL GARG,DOLLY SHARMA, BJP,NDA,1468608,1822,1470430,336965
NAINITAL-UDHAMSINGHNAGAR,AJAY BHATT,PRAKASH JOSHI, BJP,NDA,1255964,10052,1266016,334548
DAHOD,JASWANTSINH SUMANBHAI BHABHOR,DR. PRABHABEN KISHORSINH TAVIYAD, BJP,NDA,1112249,6045,1118294,333677
BASIRHAT,SK NURUL ISLAM,REKHA PATRA, AITC,I.N.D.I.A.,1519128,4273,1523401,333547
JAIPUR,MANJU SHARMA,PRATAP SINGH KHACHARIYAWAS, BJP,NDA,1449110,14148,1463258,331767
DHANBAD,DULU MAHATO,ANUPAMA SINGH, BJP,NDA,1414710,13297,1428007,331583
AJMER,BHAGIRATH CHOUDHARY,RAMCHANDRA CHOUDHARY, BJP,NDA,1190576,10603,1201179,329991
OSMANABAD,OMPRAKASH BHUPALSINH ALIAS PAVAN RAJENIMBALKAR,ARCHANA RANAJAGJITSINH PATIL, SHSUBT,I.N.D.I.A.,1273099,7953,1281052,329846
DARRANG-UDALGURI,DILIP SAIKIA,MADHAB RAJBANGSHI, BJP,NDA,1804194,7006,1811200,329012
MAHESANA,HARIBHAI PATEL,RAMJI THAKOR, BJP,NDA,1059316,17511,1076827,328046
SRIKAKULAM,KINJARAPU RAMMOHAN NAIDU,TILAK PERADA, TDP,NDA,1208912,26774,1235686,327901
BOLPUR,ASIT KUMAR MAL,PIYA SAHA, AITC,I.N.D.I.A.,1520408,8062,1528470,327253
AMRELI,BHARATBHAI MANUBHAI SUTARIYA,JENNY THUMMAR, BJP,NDA,871373,5053,876426,321068
THANJAVUR,MURASOLI S,SIVANESAN P, DMK,I.N.D.I.A.,1022796,5910,1028706,319583
TIRUCHIRAPPALLI,DURAI VAIKO,KARUPPAIAH. P, MDMK,I.N.D.I.A.,1048165,7799,1055964,313094
ARAKKONAM,S JAGATHRATCHAKAN,L VIJAYAN, DMK,I.N.D.I.A.,1156724,7098,1163822,306559
MALAPPURAM,E.T.  MOHAMMED BASHEER,V. VASEEF, IUML,I.N.D.I.A.,1078038,7144,1085182,300118
ANAKAPALLE,C.M.RAMESH,BUDI MUTYALA NAIDU, BJP,NDA,1306348,18984,1325332,296530
MATHURA,HEMAMALINI DHARMENDRA DEOL,MUKESH DHANGAR, BJP,NDA,953522,3524,957046,293407
NORTH-WESTDELHI,YOGENDER CHANDOLIYA,UDIT RAJ, BJP,NDA,1482638,4569,1487207,290849
PALAMAU,VISHNU DAYAL RAM,MAMTA BHUIYAN, BJP,NDA,1373737,17001,1390738,288807
AHMEDABADWEST,DINESHBHAI MAKWANA (ADVOCATE),BHARAT YOGENDRA MAKWANA, BJP,NDA,957571,9075,966646,286437
MANDYA,H.D. KUMARASWAMY,VENKATARAMANE GOWDA (STAR CHANDRU), JD(S),NDA,1453087,7180,1460267,284620
VIJAYAWADA,KESINENI SIVANATH (CHINNI),KESINENI SRINIVAS  (NANI), TDP,NDA,1347527,16878,1364405,282085
ANANTNAG-RAJOURI,MIAN ALTAF AHMAD,MEHBOOBA MUFTI, JKN,I.N.D.I.A.,1017520,8628,1026148,281794
DIBRUGARH,SARBANANDA SONOWAL,LURINJYOTI GOGOI, BJP,NDA,1273727,4595,1278322,279321
THENI,THANGA TAMILSELVAN,TTV DHINAKARAN, DMK,I.N.D.I.A.,1133569,7650,1141219,278825
BANGALORESOUTH,TEJASVI SURYA,SOWMYA REDDY, BJP,NDA,1245188,4154,1249342,277083
NARSAPURAM,BHUPATHI RAJU SRINIVASA VARMA (B.J.P.VARMA),UMABALA GUDURI, BJP,NDA,1217351,13643,1230994,276802
HAZARIBAGH,MANISH JAISWAL,JAI PRAKASH BHAI PATEL, BJP,NDA,1249093,15574,1264667,276686
BULANDSHAHR,DR BHOLA SINGH,SHIVRAM, BJP,NDA,1049325,5074,1054399,275134
TEHRIGARHWAL,MALA RAJYA LAKSHMI SHAH,JOT SINGH GUNSOLA, BJP,NDA,846803,15238,862041,272493
RAVER,KHADSE RAKSHA NIKHIL,SHRIRAM DAYARAM PATIL, BJP,NDA,1169365,2301,1171666,272183
AGRA,PROF S P SINGH BAGHEL,SURESH CHAND KARDAM, BJP,NDA,1119183,4596,1123779,271294
MAYILADUTHURAI,SUDHA R,BABU P, INC,I.N.D.I.A.,1083416,4292,1087708,271183
KHANDWA,GYANESHWAR PATIL,NARENDRA PATEL, BJP,NDA,1509810,2732,1512542,269971
BANGALORERURAL,DR C N MANJUNATH,D K SURESH, BJP,NDA,1914024,5516,1919540,269647
KACHCHH,CHAVDA VINOD LAKHAMSHI,NITESH PARBATBHAI LALAN (MATANG), BJP,NDA,1090881,4276,1095157,268782
SIRSA,SELJA,ASHOK TANWAR, INC,I.N.D.I.A.,1351949,2683,1354632,268497
SILCHAR,PARIMAL SUKLABAIDYA,SURYA KANTA SARKAR, BJP,NDA,1082612,6814,1089426,264311
SURENDRANAGAR,CHANDUBHAI CHHAGANBHAI SHIHORA,RUTVIKBHAI LAVJIBHAI MAKWANA, BJP,NDA,1120179,11198,1131377,261617
UDAIPUR,MANNA LAL RAWAT,TARACHAND MEENA, BJP,NDA,1487355,11021,1498376,261608
CHANDRAPUR,DHANORKAR PRATIBHA SURESH ALIAS BALUBHAU,MUNGANTIWAR SUDHIR SACCHIDANAND, INC,I.N.D.I.A.,1238291,3013,1241304,260406
JAMSHEDPUR,BIDYUT BARAN MAHATO,SAMIR KUMAR MOHANTY, BJP,NDA,1264240,13389,1277629,259782
BANGALORENORTH,SHOBHA KARANDLAJE,PROFESSOR M.V RAJEEV GOWDA, BJP,NDA,1747729,4775,1752504,259476
UDUPICHIKMAGALUR,KOTA SRINIVAS POOJARY,K. JAYAPRAKASH HEGDE, BJP,NDA,1222939,6479,1229418,259175
JADAVPUR,SAYANI GHOSH,DR. ANIRBAN GANGULY, AITC,I.N.D.I.A.,1558207,8302,1566509,258201
POLLACHI,ESWARASAMY K,KARTHIKEYAN A, DMK,I.N.D.I.A.,1120439,5606,1126045,252042
KANGRA,DR RAJEEV BHARDWAJ,ANAND SHARMA, BJP,NDA,1019345,17523,1036868,251895
BARGARH,PRADEEP PUROHIT,PARINITA MISHRA, BJP,NDA,1300266,9598,1309864,251667
JALGAON,SMITA UDAY WAGH,KARAN BALASAHEB PATIL - PAWAR, BJP,NDA,1165216,4337,1169553,251594
GUWAHATI,BIJULI KALITA MEDHI,MIRA BORTHAKUR GOSWAMI, BJP,NDA,1594699,4690,1599389,251090
ERNAKULAM,HIBI EDEN,K. J. SHINE TEACHER, INC,I.N.D.I.A.,904102,6400,910502,250385
VIZIANAGARAM,APPALANAIDU KALISETTI,BELLANA CHANDRASEKHAR, TDP,NDA,1278710,20532,1299242,249351
KAZIRANGA,KAMAKHYA PRASAD TASA,ROSELINA TIRKEY, BJP,NDA,1623167,6770,1629937,248947
HATHRAS,ANOOP PRADHAN BALMIKI,JASVEER VALMIKI, BJP,NDA,1079010,3710,1082720,247318
BANSWARA,RAJ KUMAR ROAT,MAHENDRAJEETSINGH MALVIYA, BHRTADVSIP,I.N.D.I.A.,1625747,11105,1636852,247054
NELLORE,PRABHAKAR REDDY VEMIREDDY,VENUMBAKA VIJAYASAI REDDY, TDP,NDA,1352418,23231,1375649,245902
PALI,P. P. CHAUDHARY,SANGEETA BENIWAL, BJP,NDA,1340018,13824,1353842,245351
CHENNAICENTRAL,DAYANIDHI MARAN,VINOJ, DMK,I.N.D.I.A.,727305,3244,730549,244689
SHIMOGA,B.Y.RAGHAVENDRA,GEETHA SHIVARAJKUMAR, BJP,NDA,1372668,4556,1377224,243715
NILGIRIS,RAJA A,DR MURUGAN L, DMK,I.N.D.I.A.,1013616,5290,1018906,240585
RAIGARH,RADHESHYAM RATHIYA,DR. MENKA DEVI SINGH, BJP,NDA,1449708,3257,1452965,240391
RAJAHMUNDRY,DAGGUBATI PURANDHESHWARI,DR. GUDURI SRINIVAS, BJP,NDA,1311751,13546,1325297,239139
JAMNAGAR,POONAMBEN HEMATBHAI MAADAM,ADVOCATE J. P. MARAVIYA, BJP,NDA,1047992,3243,1051235,238008
DAUSA,MURARI LAL MEENA,KANHAIYA LAL MEENA, INC,I.N.D.I.A.,1058583,14151,1072734,237340
ERODE,K E PRAKASH,ASHOK KUMAR, DMK,I.N.D.I.A.,1086406,7017,1093423,236566
PONNANI,DR. M.P ABDUSSAMAD SAMADANI,K.S HAMZA, IUML,I.N.D.I.A.,1019932,6364,1026296,235760
MUZAFFARPUR,RAJ BHUSHAN CHOUDHARY,AJAY NISHAD, BJP,NDA,1110095,2365,1112460,234927
ALMORA,AJAY TAMTA,PRADEEP TAMTA, BJP,NDA,652412,16085,668497,234097
TIRUVANNAMALAI,"ANNADURAI, C.N.",KALIYAPERUMAL M, DMK,I.N.D.I.A.,1137264,9009,1146273,233931
KARNAL,MANOHAR LAL,DIVYANSHU BUDHIRAJA, BJP,NDA,1341197,4695,1345892,232577
BARDOLI,PARBHUBHAI NAGARBHAI VASAVA,CHAUDHARY SIDDHARTH AMARSINH, BJP,NDA,1324475,14858,1339333,230253
KAKINADA,TANGELLA UDAY SRINIVAS (TEA TIME UDAY),CHALAMALASETTY SUNIL, JnP,NDA,1312770,17033,1329803,229491
CHENNAISOUTH,T.SUMATHY (ALIAS) THAMIZHACHI THANGAPANDIAN,DR.TAMILISAI SOUNDARARAJAN, DMK,I.N.D.I.A.,1095926,3395,1099321,225945
KARIMNAGAR,BANDI SANJAY KUMAR,VELCHALA RAJENDER RAO, BJP,NDA,1302447,10405,1312852,225209
MACHILIPATNAM,BALASHOWRY VALLABHANENI,SIMHADRI CHANDRA SEKHAR RAO, JnP,NDA,1292057,19947,1312004,223179
BARPETA,PHANI BHUSAN CHOUDHURY,DEEP BAYAN, AGP,NDA,1675229,10714,1685943,222351
BHONGIR,CHAMALA KIRAN KUMAR REDDY,DR. BOORA NARSAIAH GOUD, INC,I.N.D.I.A.,1388579,12817,1401396,222170
MAINPURI,DIMPLE YADAV,JAYVEER SINGH, SP,I.N.D.I.A.,1051023,2988,1054011,221639
KANCHEEPURAM,SELVAM. G,RAJASEKAR. E, DMK,I.N.D.I.A.,1253129,6449,1259578,221473
CHATRA,KALI CHARAN SINGH,KRISHNA NAND TRIPATHI, BJP,NDA,1074449,11925,1086374,220959
CHITTOOR(SC),DAGGUMALLA PRASADA RAO,REDDEPPA.N ., TDP,NDA,1400022,18835,1418857,220479
WARANGAL,KADIYAM KAVYA,AROORI RAMESH, INC,I.N.D.I.A.,1255435,12511,1267946,220339
MAYURBHANJ,NABA CHARAN MAJHI,SUDAM MARNDI, BJP,NDA,1165669,8381,1174050,219334
ULUBERIA,SAJDA AHMED,ARUNUDAY PAULCHOWDHURY, AITC,I.N.D.I.A.,1387012,3782,1390794,218673
DHAR,SAVITRI THAKUR,RADHESHYAM MUVEL, BJP,NDA,1422029,3015,1425044,218665
THANE,NARESH GANPAT MHASKE,RAJAN BABURAO VICHARE, SHS,NDA,1304427,4641,1309068,217011
BARABANKI,TANUJ PUNIA,RAJRANI RAWAT, INC,I.N.D.I.A.,1288381,2253,1290634,215704
VELLORE,DM KATHIR ANAND,AC SHANMUGAM, DMK,I.N.D.I.A.,1123625,5833,1129458,215702
NAGAON,PRADYUT BORDOLOI,SURESH BORAH, INC,I.N.D.I.A.,1544126,5872,1549998,212231
VALSAD,DHAVAL LAXMANBHAI PATEL,ANANTKUMAR HASMUKHBHAI PATEL, BJP,NDA,1351637,9774,1361411,210704
MADURAI,VENKATESAN S,RAAMA SREENIVASAN, CPI(M),I.N.D.I.A.,981623,5346,986969,209409
KALYAN,DR SHRIKANT EKNATH SHINDE,VAISHALI DAREKAR - RANE, SHS,NDA,1042476,3260,1045736,209144
NAGAPATTINAM,SELVARAJ V,DR SURSITH SANKAR G, CPI,I.N.D.I.A.,968049,4962,973011,208957
ARANI,THARANIVENTHAN M S,"GAJENDRAN, G.V.", DMK,I.N.D.I.A.,1132317,7944,1140261,208766
BAPATLA(SC),KRISHNA PRASAD TENNETI,NANDIGAM SURESH BABU, TDP,NDA,1282422,18323,1300745,208031
RATLAM,ANITA NAGARSINGH CHOUHAN,KANTILAL BHURIA, BJP,NDA,1528176,4467,1532643,207232
SIDHI,DR. RAJESH MISHRA,KAMLESHWAR INDRAJIT KUMAR, BJP,NDA,1145388,1876,1147264,206416
SIVAGANGA,KARTI P CHIDAMBARAM,XAVIERDASS A, INC,I.N.D.I.A.,1048358,5061,1053419,205664
BARAMULLA,ABDUL RASHID SHEIKH,OMAR ABDULLAH, IND,OTHER,1026457,7443,1033900,204142
JALORE,LUMBARAM,VAIBHAV GEHLOT, BJP,NDA,1444896,6230,1451126,201543
LAKHIMPUR,PRADAN BARUAH,UDAY SHANKAR HAZARIKA, BJP,NDA,1203562,7652,1211214,201257
MATHURAPUR,BAPI HALDAR,ASHOK PURKAIT, AITC,I.N.D.I.A.,1490330,5694,1496024,201057
WESTDELHI,KAMALJEET SEHRAWAT,MAHABAL MISHRA, BJP,NDA,1518075,6419,1524494,199013
BIRBHUM,SATABDI ROY,DEBTANU BHATTACHARYA, AITC,I.N.D.I.A.,1521048,6384,1527432,197650
KHADOORSAHIB,AMRITPAL SINGH,KULBIR SINGH ZIRA, IND,OTHER,1042796,4369,1047165,197120
TENKASI,DR RANI SRI KUMAR,DR K KRISHNASAMY, DMK,I.N.D.I.A.,1031307,7812,1039119,196199
REWA,JANARDAN MISHRA,NEELAM ABHAY MISHRA, BJP,NDA,914978,3151,918129,193374
KRISHNAGIRI,GOPINATH K,JAYAPRAKASH V, INC,I.N.D.I.A.,1160887,5269,1166156,192486
CHAMARAJANAGAR,SUNIL BOSE,BALARAJ.S, INC,I.N.D.I.A.,1365929,3868,1369797,188706
ANANTHAPUR,AMBICA G LAKSHMINARAYANA VALMIKI,MALAGUNDLA SANKAR NARAYANA, TDP,NDA,1420357,20071,1440428,188555
SRINAGAR,AGA SYED RUHULLAH MEHDI,WAHEED UR REHMAN PARA, JKN,I.N.D.I.A.,671933,3309,675242,188416
SAMASTIPUR,SHAMBHAVI,SUNNY HAZARI, LJPRV,NDA,1092821,1771,1094592,187251
KOLKATADAKSHIN,MALA ROY,DEBASREE CHAUDHURI, AITC,I.N.D.I.A.,1238425,5052,1243477,187231
RANAGHAT,JAGANNATH SARKAR,MUKUT MANI ADHIKARI, BJP,NDA,1531996,8636,1540632,186899
CUDDALORE,M.K. VISHNUPRASAD,P. SIVAKOZHUNDU, INC,I.N.D.I.A.,1021640,9923,1031563,185896
JHANJHARPUR,RAMPRIT MANDAL,SUMAN KUMAR MAHASETH, JD(U),NDA,1091394,2347,1093741,184169
PALGHAR,DR. HEMANT VISHNU SAVARA,BHARTI BHARAT KAMDI, BJP,NDA,1373159,2915,1376074,183306
GHATAL,ADHIKARI DEEPAK (DEV),DR. HIRANMOY CHATTOPADHYAYA, AITC,I.N.D.I.A.,1593450,7106,1600556,182868
HAMIRPUR,ANURAG SINGH THAKUR,SATPAL RAIZADA, BJP,NDA,1022970,24293,1047263,182357
ELURU,PUTTA MAHESH KUMAR,KARUMURI SUNIL KUMAR, TDP,NDA,1366884,15165,1382049,181857
KANNIYAKUMARI,VIJAYAKUMAR (Alias) VIJAY VASANTH,RADHAKRISHNAN P, INC,I.N.D.I.A.,1016841,12214,1029055,179907
DARJEELING,RAJU BISTA,GOPAL LAMA, BJP,NDA,1319731,7681,1327412,178525
BELGAUM,JAGADISH SHETTAR,MRINAL R HEBBALKAR, BJP,NDA,1375285,8604,1383889,178437
RAJMAHAL,VIJAY KUMAR HANSDAK,TALA MARANDI, JMM,I.N.D.I.A.,1206675,11574,1218249,178264
DARBHANGA,GOPAL JEE THAKUR,LALIT KUMAR YADAV, BJP,NDA,1022134,2050,1024184,178156
JALANDHAR,CHARANJIT SINGH CHANNI,SUSHIL KUMAR RINKU, INC,I.N.D.I.A.,987602,1505,989107,175993
TUMKUR,V. SOMANNA,S.P. MUDDAHANUMEGOWDA, BJP,NDA,1296730,6721,1303451,175594
SRERAMPUR,KALYAN BANERJEE,KABIR SHANKAR BOSE, AITC,I.N.D.I.A.,1471838,4694,1476532,174830
MADHEPURA,DINESH CHANDRA YADAV,DA KUMAR CHANDRADEEP, JD(U),NDA,1207499,2196,1209695,174534
BALAGHAT,BHARTI PARDHI,SAMRAT ASHOK SINGH SARASWAR, BJP,NDA,1377188,5092,1382280,174512
JHARGRAM,KALIPADA SAREN (KHERWAL),DR. PRANAT TUDU, AITC,I.N.D.I.A.,1483802,7041,1490843,174048
FARIDABAD,KRISHAN PAL,MAHENDER PRATAP SINGH, BJP,NDA,1469170,2152,1471322,172914
CHEVELLA,KONDA VISHWESHWAR REDDY,DR GADDAM RANJITH REDDY, BJP,NDA,1656178,19176,1675354,172897
SANGRUR,GURMEET SINGH MEET HAYER,SUKHPAL SINGH KHAIRA, AAAP,I.N.D.I.A.,1005403,4262,1009665,172560
KANNAUJ,AKHILESH YADAV,SUBRAT PATHAK, SP,I.N.D.I.A.,1214285,3548,1217833,170922
HAJIPUR,CHIRAG PASWAN,SHIV CHANDRA RAM, LJPRV,NDA,1149394,5930,1155324,170105
SUPAUL,DILESHWAR KAMAIT,CHANDRAHAS CHAUPAL, JD(U),NDA,1225026,6088,1231114,169803
HOWRAH,PRASUN BANERJEE,DR RATHIN CHAKRAVARTY, AITC,I.N.D.I.A.,1268854,2942,1271796,169442
NALANDA,KAUSHALENDRA KUMAR,DR. SANDEEP SAURAV, JD(U),NDA,1139336,5047,1144383,169114
SINGHBHUM,JOBA MAJHI,GEETA KORA, JMM,I.N.D.I.A.,999884,7713,1007597,168402
AMETHI,KISHORI LAL,SMRITI IRANI, INC,I.N.D.I.A.,976679,3992,980671,167196
KARUR,JOTHIMANI. S,THANGAVEL. L, INC,I.N.D.I.A.,1125359,6686,1132045,166816
RAMANATHAPURAM,NAVASKANI K,PANNEERSELVAM O S/O OTTAKARATHEVAR, IUML,I.N.D.I.A.,1102130,7723,1109853,166782
TIRUNELVELI,ROBERT BRUCE C,NAINAR NAGENTHRAN, INC,I.N.D.I.A.,1060656,6792,1067448,165620
BERHAMPUR,DR. PRADEEP KUMAR PANIGRAHY,BHRUGU BAXIPATRA, BJP,NDA,1038806,4117,1042923,165476
PILIBHIT,JITIN PRASADA,BHAGWAT SARAN GANGWAR, BJP,NDA,1155967,4980,1160947,164935
BILASPUR,TOKHAN SAHU,DEVENDRA YADAV, BJP,NDA,1358037,3313,1361350,164558
MURSHIDABAD,ABU TAHER KHAN,MD SALIM, AITC,I.N.D.I.A.,1539216,2343,1541559,164215
HARIDWAR,TRIVENDRA SINGH RAWAT,VIRENDRA RAWAT, BJP,NDA,1293233,9390,1302623,164056
GARHWAL,ANIL BALUNI,GANESH GODIYAL, BJP,NDA,716561,20870,737431,163503
CHIKKBALLAPUR,DR.K.SUDHAKAR,M.S. RAKSHA RAMAIAH, BJP,NDA,1525885,4935,1530820,163460
GHOSI,RAJEEV RAI,DR. ARVIND RAJBHAR, SP,I.N.D.I.A.,1147461,3129,1150590,162943
NASHIK,RAJABHAU (PARAG) PRAKASH WAJE,GODSE HEMANT TUKARAM, SHSUBT,I.N.D.I.A.,1233252,3952,1237204,162001
KHAGARIA,RAJESH VERMA,SANJAY KUMAR, LJPRV,NDA,1058612,3282,1061894,161131
AZAMGARH,DHARMENDRA YADAV,DINESH LAL YADAV “NIRAHUA”, SP,I.N.D.I.A.,1048948,5572,1054520,161035
BARDHAMANPURBA,DR. SHARMILA SARKAR,ASIM KUMAR SARKAR, AITC,I.N.D.I.A.,1492448,4862,1497310,160572
NARSARAOPET,LAVU SRIKRISHNA DEVARAYALU,ANIL KUMAR POLUBOINA, TDP,NDA,1482913,16656,1499569,159729
BAGHPAT,DR RAJKUMAR SANGWAN,AMARPAL, RLD,NDA,928628,5145,933773,159459
NANDURBAR,ADV GOWAAL KAGADA PADAVI,DR HEENA VIJAYKUMAR GAVIT, INC,I.N.D.I.A.,1391396,2273,1393669,159120
BARAMATI,SUPRIYA SULE,SUNETRA AJITDADA PAWAR, NCPSP,I.N.D.I.A.,1410674,1675,1412349,158333
SABARKANTHA,SHOBHANABEN MAHENDRASINH BARAIYA,CHAUDHARI TUSHAR AMARSINH, BJP,NDA,1256286,13072,1269358,155682
TURA,SALENG A SANGMA,AGATHA K SANGMA, INC,I.N.D.I.A.,670441,3615,674056,155241
KOLHAPUR,CHHATRAPATI SHAHU SHAHAJI,SANJAY SADASHIVRAO MANDLIK, INC,I.N.D.I.A.,1386232,7094,1393326,154964
PATNASAHIB,RAVI SHANKAR PRASAD,ANSHUL AVIJIT, BJP,NDA,1073762,1734,1075496,153846
VARANASI,NARENDRA MODI,AJAY RAI, BJP,NDA,1127081,3062,1130143,152513
MADHUBANI,ASHOK KUMAR YADAV,MD ALI ASHRAF FATMI, BJP,NDA,1026338,1390,1027728,151945
NAGINA,CHANDRASHEKHAR,OM KUMAR, ASPKR,OTHER,998870,2433,1001303,151473
KOLLAM,N K PREMACHANDRAN,M MUKESH, RSP,I.N.D.I.A.,902539,13152,915691,150302
KHUNTI,KALI CHARAN MUNDA,ARJUN MUNDA, INC,I.N.D.I.A.,924725,11957,936682,149675
DAKSHINAKANNADA,CAPTAIN BRIJESH CHOWTA,PADMARAJ.R.POOJARY, BJP,NDA,1408738,7032,1415770,149208
KAISERGANJ,KARAN BHUSHAN SINGH,BHAGAT RAM, BJP,NDA,1060767,1332,1062099,148843
KORAPUT,SAPTAGIRI SANKAR ULAKA,KAUSALYA HIKAKA, INC,I.N.D.I.A.,1144023,4819,1148842,147744
DIPHU,AMARSING TISSO,J. I. KATHAR, BJP,NDA,678288,4539,682827,147603
BALASORE,PRATAP CHANDRA SARANGI,LEKHASRI SAMANTSINGHAR, BJP,NDA,1235600,4035,1239635,147156
KOZHIKODE,M. K. RAGHAVAN,ELAMARAM KAREEM, INC,I.N.D.I.A.,1078637,11413,1090050,146176
RAJGARH,RODMAL NAGAR,DIGVIJAYA SINGH, BJP,NDA,1424176,4821,1428997,146089
MAHASAMUND,ROOP KUMARI CHOUDHARY,TAMRADHWAJ SAHU, BJP,NDA,1322134,3946,1326080,145456
JORHAT,GAURAV GOGOI,TOPON KUMAR GOGOI, INC,I.N.D.I.A.,1377003,14157,1391160,144393
JAHANABAD,SURENDRA PRASAD YADAV,CHANDESHWAR PRASAD, RJD,I.N.D.I.A.,920112,5258,925370,142591
GADCHIROLI-CHIMUR,DR. KIRSAN NAMDEO,ASHOK  MAHADEORAO NETE, INC,I.N.D.I.A.,1161041,5319,1166360,141696
SHIRUR,DR. AMOL RAMSING KOLHE,ADHALRAO SHIVAJI DATTATREY, NCPSP,I.N.D.I.A.,1372797,1667,1374464,140951
MYSORE,YADUVEER KRISHNADATTA CHAMARAJA WADIYAR,M. LAKSHMANA, BJP,NDA,1476661,7812,1484473,139262
LOHARDAGA,SUKHDEO BHAGAT,SAMIR ORAON, INC,I.N.D.I.A.,954698,12427,967125,139138
SUNDARGARH,JUAL ORAM,DILIP KUMAR TIRKEY, BJP,NDA,1148968,6809,1155777,138808
NORTH-EASTDELHI,MANOJ TIWARI,KANHAIYA KUMAR, BJP,NDA,1548476,4255,1552731,138778
BARDHAMAN-DURGAPUR,AZAD KIRTI JHA,DILIP GHOSH, AITC,I.N.D.I.A.,1493984,7789,1501773,137981
NAGPUR,NITIN JAIRAM GADKARI,VIKAS THAKRE, BJP,NDA,1207455,3866,1211321,137603
AMBEDKARNAGAR,LALJI VERMA,RITESH PANDEY, SP,I.N.D.I.A.,1174672,2390,1177062,137247
PASCHIMCHAMPARAN,DR.SANJAY JAISWAL,MADAN MOHAN TIWARI, BJP,NDA,1082170,4086,1086256,136568
PUDUCHERRY,VE VAITHILINGAM,A NAMASSIVAYAM, INC,I.N.D.I.A.,804489,3451,807940,136516
JAMMU,JUGAL KISHORE,RAMAN BHALLA, BJP,NDA,1285944,16232,1302176,135498
JUNAGADH,CHUDASAMA RAJESHBHAI NARANBHAI,JOTVA HIRABHAI ARJANBHAI, BJP,NDA,1057454,10799,1068253,135494
LUCKNOW,RAJ NATH SINGH,RAVIDAS MEHROTRA, BJP,NDA,1133259,3633,1136892,135159
KHARGONE,GAJENDRA SINGH PATEL,PORLAL BATHA KHARTE, BJP,NDA,1555958,2820,1558778,135018
AURANGABAD,BHUMARE SANDIPANRAO ASARAM,IMTIAZ JALEEL SYED, SHS,NDA,1297724,4473,1302197,134650
PARBHANI,JADHAV SANJAY ( BANDU ) HARIBHAU,JANKAR MAHADEV JAGANNATH, SHSUBT,I.N.D.I.A.,1321999,9177,1331176,134061
KALAHANDI,MALVIKA DEVI,LAMBODAR NIAL, BJP,NDA,1322799,11445,1334244,133813
IDUKKI,ADV. DEAN KURIAKOSE,ADV. JOICE GEORGE, INC,I.N.D.I.A.,831914,8743,840657,133727
BOLANGIR,SANGEETA KUMARI SINGH DEO,SURENDRA SINGH BHOI, BJP,NDA,1394081,6167,1400248,132664
HINDUPUR,B K PARTHASARATHI,J SHANTHA, TDP,NDA,1396687,19652,1416339,132427
PEDDAPALLE,VAMSI KRISHNA GADDAM,SRINIVAS GOMASE, INC,I.N.D.I.A.,1082815,12480,1095295,131364
ROBERTSGANJ,CHHOTELAL,RINKI SINGH, SP,I.N.D.I.A.,1008459,1086,1009545,129234
BIDAR,SAGAR ESHWAR KHANDRE,BHAGWANTH KHUBA, INC,I.N.D.I.A.,1239406,2916,1242322,128875
MALDAHADAKSHIN,ISHA KHAN CHOUDHURY,SREERUPA MITRA CHAUDHURY (NIRBHAYA DIDI), INC,I.N.D.I.A.,1364552,5237,1369789,128368
GOPALGANJ,DR. ALOK KUMAR SUMAN,PREM NATH CHANCHAL ALIAS CHANCHAL PASWAN, JD(U),NDA,1059393,3634,1063027,127180
TIRUPPUR,"SUBBARAYAN, K.","ARUNACHALAM, P.", CPI,I.N.D.I.A.,1136443,6106,1142549,125928
GHAZIPUR,AFZAL ANSARI,PARS NATH RAI, SP,I.N.D.I.A.,1148952,4142,1153094,124861
UDHAMPUR,DR JITENDRA SINGH,CH LAL SINGH, BJP,NDA,1106472,7255,1113727,124373
SOUTHDELHI,RAMVIR SINGH BIDHURI,SAHI RAM, BJP,NDA,1293476,2522,1295998,124333
PUNE,MURLIDHAR MOHOL,DHANGEKAR RAVINDRA HEMRAJ, BJP,NDA,1103671,901,1104572,123038
SAMBHAL,ZIA UR REHMAN,PARMESHWAR LAL SAINI, SP,I.N.D.I.A.,1193721,1262,1194983,121494
MADHA,MOHITE-PATIL DHAIRYASHEEL RAJSINH,RANJEETSINGH HINDURAO NAIK NIMBALKAR, NCPSP,I.N.D.I.A.,1267125,6293,1273418,120837
RANCHI,SANJAY SETH,YASHASWINI SAHAY, BJP,NDA,1432859,14922,1447781,120512
SAMBALPUR,DHARMENDRA PRADHAN,PRANAB PRAKASH DAS, BJP,NDA,1190616,6131,1196747,119836
BARMER,UMMEDA RAM BENIWAL,RAVINDRA SINGH BHATI, INC,I.N.D.I.A.,1675314,12737,1688051,118176
COIMBATORE,GANAPATHY RAJKUMAR P,ANNAMALAI K, DMK,I.N.D.I.A.,1366177,6656,1372833,118068
JANGIPUR,KHALILUR RAHAMAN,MURTOJA HOSSAIN BOKUL, AITC,I.N.D.I.A.,1366962,2671,1369633,116637
NORTHGOA,SHRIPAD YESSO NAIK,RAMAKANT KHALAP, BJP,NDA,451054,4964,456018,116015
JODHPUR,GAJENDRA SINGH SHEKHAWAT,KARAN SINGH UCHIYARDA, BJP,NDA,1370371,13467,1383838,115677
LALGANJ,DAROGA PRASAD SAROJ,NEELAM SONKER, SP,I.N.D.I.A.,999434,4004,1003438,115023
VADAKARA,SHAFI PARAMBIL,K K SHAILAJA TEACHER, INC,I.N.D.I.A.,1110765,12182,1122947,114506
BARASAT,KAKOLI GHOSH DASTIDAR,SWAPAN MAJUMDER, AITC,I.N.D.I.A.,1527533,5068,1532601,114189
CHHINDWARA,BUNTY VIVEK SAHU,NAKUL KAMALNATH, BJP,NDA,1302172,2655,1304827,113618
DINDORI,BHASKAR MURLIDHAR BHAGARE,DR. BHARATI PRAVIN PAWAR, NCPSP,I.N.D.I.A.,1236675,4235,1240910,113199
JAMUI,ARUN BHARTI,ARCHANA KUMARI, LJPRV,NDA,977338,1895,979233,112482
NANDYAL,DR BYREDDY SHABARI,POCHA BRAHMANANDA REDDY, TDP,NDA,1385007,19411,1404418,111975
KURNOOLU,BASTIPATI NAGARAJU PANCHALINGALA,B Y RAMAIAH, TDP,NDA,1316682,14098,1330780,111298
JALNA,KALYAN VAIJINATHRAO KALE,DANVE RAOSAHEB DADARAO, INC,I.N.D.I.A.,1357971,5438,1363409,109958
INNERMANIPUR,ANGOMCHA BIMOL AKOIJAM,THOUNAOJAM BASANTA KUMAR SINGH, INC,I.N.D.I.A.,789912,6985,796897,109801
NIZAMABAD,ARVIND DHARMAPURI,JEEVANREDDY THATIPARTHI, BJP,NDA,1226215,7366,1233581,109241
KANNUR,K. SUDHAKARAN,M.V. JAYARAJAN, INC,I.N.D.I.A.,1048785,15070,1063855,108982
HINGOLI,AASHTIKAR PATIL NAGESH BAPURAO,BABURAO KADAM KOHALIKAR, SHSUBT,I.N.D.I.A.,1154970,4330,1159300,108602
KARAKAT,RAJA RAM SINGH,PAWAN SINGH, CPI(ML)(L),I.N.D.I.A.,1027665,3953,1031618,105858
MORADABAD,RUCHI VIRA,KUNWAR SARVESH KUMAR, SP,I.N.D.I.A.,1280819,2366,1283185,105762
BHAGALPUR,AJAY KUMAR MANDAL,AJEET SHARMA, JD(U),NDA,1061614,2467,1064081,104868
PURI,SAMBIT PATRA,ARUP MOHAN PATNAIK, BJP,NDA,1191034,5904,1196938,104709
KAUSHAMBI,PUSHPENDRA SAROJ,VINOD KUMAR SONKAR, SP,I.N.D.I.A.,1007927,1402,1009329,103944
MANDLA,FAGGAN SINGH KULASTE,OMKAR SINGH MARKAM, BJP,NDA,1531950,3682,1535632,103846
BANKA,GIRIDHARI YADAV,JAI PRAKASH NARAYAN YADAV, JD(U),NDA,1011616,2539,1014155,103844
CHIDAMBARAM,THIRUMAAVALAVAN THOL,CHANDRAHASAN M, VCK,I.N.D.I.A.,1158718,8353,1167071,103554
GORAKHPUR,RAVINDRA SHUKLA ALIAS RAVI KISHAN,KAJAL NISHAD, BJP,NDA,1151384,3029,1154413,103526
MAHARAJGANJ,"JANARDAN SINGH ""SIGRIWAL""",AAKASH KUMAR SINGH, BJP,NDA,1011462,2647,1014109,102651
JHANSI,ANURAG SHARMA,"PRADEEP JAIN ""ADITYA""", BJP,NDA,1378807,1699,1380506,102614
GODDA,NISHIKANT DUBEY,PRADEEP YADAV, BJP,NDA,1388559,9645,1398204,101813
GAYA,JITAN RAM MANJHI,KUMAR SARVJEET, HAMS,NDA,958387,5289,963676,101812
BASTI,RAM PRASAD CHAUDHARY,HARISH CHANDRA ALIAS HARISH DWIVEDI, SP,I.N.D.I.A.,1077422,5448,1082870,100994
ARUNACHALWEST,KIREN RIJIJU,NABAM TUKI, BJP,NDA,379611,20193,399804,100738
KASARAGOD,RAJMOHAN UNNITHAN,M.V BALAKRISHNAN MASTER, INC,I.N.D.I.A.,1103719,8827,1112546,100649
SANGLI,VISHAL (DADA) PRAKASHBAPU PATIL,SANJAY (KAKA) PATIL, IND,OTHER,1163363,5381,1168744,100053
ASKA,ANITA SUBHADARSHINI,RANJITA SAHU, BJP,NDA,1016047,1867,1017914,99974
JAUNPUR,BABU SINGH KUSHWAHA,KRIPASHANKAR SINGH, SP,I.N.D.I.A.,1096957,4831,1101788,99335
BELLARY,E. TUKARAM,B. SREERAMULU, INC,I.N.D.I.A.,1386559,3355,1389914,98992
KARAULI-DHOLPUR,BHAJAN LAL JATAV,INDU DEVI, INC,I.N.D.I.A.,979010,9112,988122,98945
VALMIKINAGAR,SUNIL KUMAR,DEEPAK YADAV, JD(U),NDA,1098897,2933,1101830,98675
DHARWAD,PRALHAD JOSHI,VINOD ASOOTI, BJP,NDA,1362521,3970,1366491,97324
KEONJHAR,ANANTA NAYAK,DHANURJAYA SIDU, BJP,NDA,1252761,3854,1256615,97042
MAVAL,SHRIRANG APPA CHANDU BARNE,SANJOG BHIKU WAGHERE PATIL, SHS,NDA,1417866,1535,1419401,96615
YAVATMAL-WASHIM,SANJAY UTTAMRAO DESHMUKH,RAJSHRITAI HEMANT PATIL (MAHALLE), SHSUBT,I.N.D.I.A.,1220250,5280,1225530,94473
NAGARKURNOOL,DR.MALLU RAVI,BHARATH  PRASAD POTHUGANTI, INC,I.N.D.I.A.,1205275,13948,1219223,94414
EASTDELHI,HARSH MALHOTRA,KULDEEP KUMAR (MONU), BJP,NDA,1261887,2162,1264049,93663
SIWAN,VIJAYLAKSHMI DEVI,HENA SHAHAB, JD(U),NDA,995506,2512,998018,92857
KOLKATAUTTAR,BANDYOPADHYAY SUDIP,TAPAS ROY, AITC,I.N.D.I.A.,955466,2967,958433,92560
SANTKABIRNAGAR,LAXMIKANT PAPPU NISHAD,PRAVIN KUMAR NISHAD, SP,I.N.D.I.A.,1088750,2452,1091202,92170
BHADRAK,AVIMANYU SETHI,MANJULATA MANDAL, BJP,NDA,1291183,6194,1297377,91544
SHIMLA,Suresh Kumar Kashyap,Vinod Sultanpuri, BJP,NDA,958978,10987,969965,91451
CHIKKODI,PRIYANKA SATISH JARKIHOLI,ANNASAHEB SHANKAR JOLLE, INC,I.N.D.I.A.,1385725,7368,1393093,90834
ADILABAD,GODAM NAGESH,ATHRAM SUGUNA, BJP,NDA,1219982,15615,1235597,90652
ANAND,MITESH PATEL (BAKABHAI),AMIT CHAVDA, BJP,NDA,1156426,11543,1167969,89939
SITAPUR,RAKESH RATHOR,RAJESH VERMA, INC,I.N.D.I.A.,1100826,1189,1102015,89641
VAISHALI,VEENA DEVI,VIJAY KUMAR SHUKLA, LJPRV,NDA,1169861,2199,1172060,89634
CHANDNICHOWK,PRAVEEN KHANDELWAL,JAI PRAKASH AGARWAL, BJP,NDA,963895,2207,966102,89325
FIROZABAD,AKSHAYA YADAV,VISHWADEEP SINGH, SP,I.N.D.I.A.,1105210,2086,1107296,89312
PURVICHAMPARAN,RADHA MOHAN SINGH,DR RAJESH KUMAR, BJP,NDA,1069091,4597,1073688,88287
GANGANAGAR,KULDEEP INDORA,PRIYANKA BALAN MEGHWAL, INC,I.N.D.I.A.,1399702,13792,1413494,88153
NABARANGPUR,BALABHADRA MAJHI,PRADEEP KUMAR MAJHI, BJP,NDA,1236661,5814,1242475,87536
RAMPUR,MOHIBBULLAH,GHANSHYAM SINGH LODHI, SP,I.N.D.I.A.,966744,1335,968079,87434
KOTTAYAM,ADV K FRANCIS GEORGE,THOMAS CHAZHIKADAN, KEC,I.N.D.I.A.,822566,13657,836223,87266
JALPAIGURI,DR JAYANTA KUMAR ROY,NIRMAL CHANDRA ROY, BJP,NDA,1571995,6394,1578389,86693
BHARUCH,MANSUKHBHAI DHANJIBHAI VASAVA,CHAITARBHAI DAMJIBHAI VASAVA, BJP,NDA,1192000,6964,1198964,85696
OUTERMANIPUR,ALFRED KANNGAM S ARTHUR,KACHUI TIMOTHY ZIMIK, INC,I.N.D.I.A.,791243,5492,796735,85418
PATLIPUTRA,MISHA BHARTI,RAM KRIPAL YADAV, RJD,I.N.D.I.A.,1227339,2760,1230099,85174
BAHARAMPUR,PATHAN YUSUF,ADHIR RANJAN CHOWDHURY, AITC,I.N.D.I.A.,1380981,3789,1384770,85022
SATNA,GANESH SINGH,DABBU SIDDHARTH SUKHLAL KUSHWAHA, BJP,NDA,1056421,2551,1058972,84949
GURDASPUR,SUKHJINDER SINGH RANDHAWA,DINESH SINGH BABBU, INC,I.N.D.I.A.,1070254,7572,1077826,82861
RAIGAD,TATKARE SUNIL DATTATREY,ANANT GEETE, NCP,NDA,1008505,4767,1013272,82784
KUSHINAGAR,VIJAY KUMAR DUBAY,AJAY PRATAP SINGH URF PINTU SAITHWAR, BJP,NDA,1079710,773,1080483,81790
WARDHA,AMAR SHARADRAO KALE,RAMDAS CHANDRABHAN TADAS, NCPSP,I.N.D.I.A.,1090347,4665,1095012,81648
BEGUSARAI,GIRIRAJ SINGH,ABDHESH KUMAR ROY, BJP,NDA,1288395,6278,1294673,81480
GIRIDIH,CHANDRA PRAKASH CHOUDHARY,MATHURA PRASAD MAHATO, AJSUP,NDA,1253005,11828,1264833,80880
MUNGER,RAJIV RANJAN SINGH ALIAS LALAN SINGH,KUMARI ANITA, JD(U),NDA,1134550,4531,1139081,80870
SIKKIM,INDRA HANG SUBBA,BHARAT BASNETT, SKM,NDA,368869,16024,384893,80830
RAICHUR,G. KUMAR NAIK.,RAJA AMARESHWARA NAIK., INC,I.N.D.I.A.,1295636,3983,1299619,79781
AURANGABAD,ABHAY KUMAR SINHA,SUSHIL KUMAR SINGH, RJD,I.N.D.I.A.,942301,3579,945880,79111
NEWDELHI,BANSURI SWARAJ,SOMNATH BHARTI, BJP,NDA,844889,2579,847468,78370
TAMLUK,ABHIJIT GANGOPADHYAY,DEBANGSHU BHATTACHARYA, BJP,NDA,1568214,9105,1577319,77733
MALDAHAUTTAR,KHAGEN MURMU,PRASUN BANERJEE, BJP,NDA,1413820,3769,1417589,77708
BIJAPUR,RAMESH JIGAJINAGI,RAJU ALAGUR., BJP,NDA,1289986,6128,1296114,77229
HOOGHLY,RACHNA BANERJEE,LOCKET CHATTERJEE, AITC,I.N.D.I.A.,1511948,5563,1517511,76853
RAMTEK,Shyamkumar (Babalu) Daulat Barve,RAJU DEONATH PARVE, INC,I.N.D.I.A.,1249961,2551,1252512,76768
SHRAWASTI,RAM SHIROMANI VERMA,SAKET MISRA, SP,I.N.D.I.A.,1046002,526,1046528,76673
DHENKANAL,RUDRA NARAYAN PANY,ABINASH SAMAL, BJP,NDA,1184033,7640,1191673,76567
RAJAMPET,P V MIDHUN REDDY,NALLARI KIRAN KUMAR REDDY, YSRCP,OTHER,1314182,18757,1332939,76071
ALIPURDUARS,MANOJ TIGGA,PRAKASH CHIK BARAIK, BJP,NDA,1414597,6792,1421389,75447
PALAKKAD,V K SREEKANDAN,A VIJAYARAGHAVAN, INC,I.N.D.I.A.,1027240,8596,1035836,75283
GURGAON,RAO INDERJIT SINGH,RAJ BABBAR, BJP,NDA,1596251,4981,1601232,75079
MANDI,KANGNA RANAUT,VIKRAMADITYA SINGH, BJP,NDA,997478,18332,1015810,74755
THRISSUR,SURESH GOPI,ADV V S SUNILKUMAR, BJP,NDA,1081181,9695,1090876,74686
SOLAPUR,PRANITI SUSHILKUMAR SHINDE,RAM VITTHAL SATPUTE, INC,I.N.D.I.A.,1201261,3224,1204485,74197
BANGAON,SHANTANU THAKUR,BISWAJIT DAS S/O LATE BIJAY KRISHNA DAS, BJP,NDA,1487892,5216,1493108,73693
SIKAR,AMRARAM,SUMEDHANAND SARASWATI, CPI(M),I.N.D.I.A.,1274311,26545,1300856,72896
CHURU,RAHUL KASWAN,DEVENDRA JHAJHARIA, INC,I.N.D.I.A.,1407789,16856,1424645,72737
KOLAR,M. MALLESH BABU,K V GOWTHAM, JD(S),NDA,1351321,3907,1355228,71388
BANDA,KRISHNA DEVI SHIVSHANKER PATEL,R. K. SINGH PATEL, SP,I.N.D.I.A.,1042931,1201,1044132,71210
VILUPPURAM,RAVIKUMAR. D,BHAGYARAJ. J, VCK,I.N.D.I.A.,1145468,7199,1152667,70703
DUMDUM,SOUGATA RAY,SILBHADRA DATTA, AITC,I.N.D.I.A.,1254461,5585,1260046,70660
SALEM,SELVAGANAPATHI T M,VIGNESH P, DMK,I.N.D.I.A.,1295702,9142,1304844,70357
MOHANLALGANJ,R.K. CHAUDHARY,KAUSHAL KISHORE, SP,I.N.D.I.A.,1374478,2974,1377452,70292
GWALIOR,BHARAT SINGH KUSHWAH,PRAVEEN PATHAK, BJP,NDA,1337928,5301,1343229,70210
FARIDKOT,SARABJEET SINGH KHALSA,KARAMJIT SINGH ANMOL, IND,OTHER,1009711,4744,1014455,70053
KAIRANA,IQRA CHOUDHARY,PRADEEP KUMAR, SP,I.N.D.I.A.,1075537,4269,1079806,69116
BAGALKOT,GADDIGOUDAR. PARVATAGOUDA. CHANDANAGOUDA.,SAMYUKTA SHIVANAND PATIL, BJP,NDA,1311893,5668,1317561,68399
MIZORAM,RICHARD VANLALHMANGAIHA,K VANLALVENA, ZPM,OTHER,486889,4447,491336,68288
RAIGANJ,KARTICK CHANDRA PAUL,KALYANI KRISHNA, BJP,NDA,1363996,4475,1368471,68197
NAWADA,VIVEK THAKUR,SHRAWAN KUMAR, BJP,NDA,864900,4970,869870,67670
KENDRAPARA,BAIJAYANT PANDA,ANSHUMAN MOHANTY, BJP,NDA,1272561,4547,1277108,66536
PRATAPGARH,SHIV PAL SINGH PATEL (DR. S P SINGH),SANGAM LAL GUPTA, SP,I.N.D.I.A.,943304,3984,947288,66206
BHIWANDI,BALYA MAMA - SURESH GOPINATH MHATRE,KAPIL MORESHWAR PATIL, NCPSP,I.N.D.I.A.,1249338,4061,1253399,66121
PATHANAMTHITTA,ANTO ANTONY,DR.T.M.THOMAS ISSAC, INC,I.N.D.I.A.,905748,13821,919569,66119
TONK-SAWAIMADHOPUR,HARISH CHANDRA MEENA,SUKHBIR SINGH JAUNAPURIA, INC,I.N.D.I.A.,1214246,12338,1226584,64949
BHIND,SANDHYA RAY,PHOOL SINGH BARAIYA, BJP,NDA,1043084,5923,1049007,64840
SURGUJA,CHINTAMANI MAHARAJ,SHASHI SINGH KORAM, BJP,NDA,1453064,2205,1455269,64822
SAHARANPUR,IMRAN MASOOD,RAGHAV LAKHANPAL, INC,I.N.D.I.A.,1227175,2280,1229455,64542
BARRACKPUR,PARTHA BHOWMICK,ARJUN SINGH, AITC,I.N.D.I.A.,1137819,4041,1141860,64438
BAHARAICH,ANAND KUMAR,RAMESH CHANDRA, BJP,NDA,1056179,387,1056566,64227
CHALAKUDY,BENNY BEHANAN,PROF C RAVEENDRANATH, INC,I.N.D.I.A.,942792,8495,951287,63754
ALAPPUZHA,K. C VENUGOPAL,A. M ARIFF, INC,I.N.D.I.A.,1042798,15905,1058703,63513
HISAR,JAI PARKASH (J P) S/O HARIKESH,RANJIT SINGH, INC,I.N.D.I.A.,1168313,5802,1174115,63381
KADAPA,Y. S. AVINASH REDDY,CHADIPIRALLA BHUPESH SUBBARAMI REDDY, YSRCP,OTHER,1300147,21828,1321975,62695
LATUR,DR. KALGE SHIVAJI BANDAPPA,SUDHAKAR TUKARAM SHRANGARE, INC,I.N.D.I.A.,1234853,4226,1239079,61881
UJIARPUR,NITYANAND RAI,ALOK KUMAR MEHTA, BJP,NDA,1040183,1885,1042068,60102
JANJGIR-CHAMPA,KAMLESH JANGDE,DR. SHIVKUMAR DAHARIYA, BJP,NDA,1387196,5044,1392240,60000
ARRAH,SUDAMA PRASAD,R. K. SINGH, CPI(ML)(L),I.N.D.I.A.,1088409,8152,1096561,59808
KISHANGANJ,MOHAMMAD JAWED,MUJAHID ALAM, INC,I.N.D.I.A.,1150070,1029,1151099,59692
ASANSOL,SHATRUGHAN PRASAD SINHA,SURENDRAJEET SINGH AHLUWALIA, AITC,I.N.D.I.A.,1296332,5208,1301540,59564
NANDED,CHAVAN VASANTRAO BALWANTRAO,CHIKHALIKAR PRATAPRAO GOVINDRAO, INC,I.N.D.I.A.,1123660,4594,1128254,59442
ALLAHABAD,UJJWAL RAMAN SINGH,NEERAJ TRIPATHI, INC,I.N.D.I.A.,945146,1854,947000,58795
ETAWAH,JITENDRA KUMAR DOHARE,DR RAM SHANKAR KATHERIA, SP,I.N.D.I.A.,1030621,3163,1033784,58419
DADAR&NAGARHAVELI,DELKAR KALABEN MOHANBHAI,AJIT RAMJIBHAI MAHALA, BJP,NDA,205257,331,205588,57584
CUTTACK,BHARTRUHARI MAHTAB,SANTRUPT MISRA, BJP,NDA,1116941,3854,1120795,57077
KRISHNANAGAR,MAHUA MOITRA,AMRITA ROY, AITC,I.N.D.I.A.,1415842,9870,1425712,56705
BIKANER,ARJUN RAM MEGHWAL,GOVINDRAM MEGHWAL, BJP,NDA,1108423,9859,1118282,55711
SHAHJAHANPUR,ARUN KUMAR SAGAR,JYOTSNA GOND, BJP,NDA,1243585,4317,1247902,55379
BASTAR,MAHESH KASHYAP,KAWASI LAKHMA, BJP,NDA,1004596,2799,1007395,55245
FAIZABAD,AWADHESH PRASAD,LALLU SINGH, SP,I.N.D.I.A.,1139094,1567,1140661,54567
JALAUN,NARAYAN DAS AHIRWAR,BHANU PRATAP SINGH VERMA, SP,I.N.D.I.A.,1126966,1983,1128949,53898
KALLAKURICHI,MALAIYARASAN D,KUMARAGURU R, DMK,I.N.D.I.A.,1242562,7006,1249568,53784
MUMBAISOUTHCENTRAL,ANIL YESHWANT DESAI,RAHUL RAMESH SHEWALE, SHSUBT,I.N.D.I.A.,790338,4186,794524,53384
MUMBAISOUTH,ARVIND GANPAT SAWANT,YAMINI YASHWANT JADHAV, SHSUBT,I.N.D.I.A.,769223,3890,773113,52673
MORENA,SHIVMANGAL SINGH TOMAR,NEETU SATYAPAL SINGH SIKARWAR, BJP,NDA,1183586,3745,1187331,52530
BHARATPUR,SANJNA JATAV,RAMSWAROOP KOLI, INC,I.N.D.I.A.,1116850,16150,1133000,51983
KOKRAJHAR,JOYANTA BASUMATARY,KAMPA BORGOYARI, UPPL,OTHER,1229546,11950,1241496,51583
SITAMARHI,DEVESH CHANDRA THAKUR,ARJUN RAY, JD(U),NDA,1091836,2156,1093992,51356
NAGALAND,S SUPONGMEREN JAMIR,DR CHUMBEN MURRY, INC,I.N.D.I.A.,757154,3642,760796,50984
ARAKU(ST),GUMMA THANUJA RANI,KOTHAPALLI GEETHA, YSRCP,OTHER,1143013,21432,1164445,50580
SHIRDI,BHAUSAHEB RAJARAM WAKCHAURE,LOKHANDE SADASHIV KISAN, SHSUBT,I.N.D.I.A.,1057328,2536,1059864,50529
ONGOLE,MAGUNTA SREENIVASULU REDDY,DR CHEVIREDDY BHASKAR REDD, TDP,NDA,1401174,21040,1422214,50199
SECUNDERABAD,G. KISHAN REDDY,DANAM NAGENDER, BJP,NDA,1039041,8618,1047659,49944
KATIHAR,TARIQ ANWAR,DULAL CHANDRA GOSWAMI, INC,I.N.D.I.A.,1168194,3352,1171546,49863
BATHINDA,HARSIMRAT KAUR BADAL,GURMEET SINGH KHUDIAN, SAD,OTHER,1145264,5906,1151170,49656
AMBALA,VARUN CHAUDHRY,BANTO KATARIA, INC,I.N.D.I.A.,1344533,2189,1346722,49036
ALWAR,BHUPENDER YADAV,LALIT YADAV, BJP,NDA,1237473,15965,1253438,48282
CHITRADURGA,GOVIND MAKTHAPPA KARJOL,B.N.CHANDRAPPA, BJP,NDA,1360301,6608,1366909,48121
RATNAGIRI-SINDHUDURG,NARAYAN TATU RANE,VINAYAK BHAURAO RAUT, BJP,NDA,906206,7832,914038,47858
KANTHI,ADHIKARI SOUMENDU,UTTAM BARIK SON OF LATE BIRENDRA BARIK, BJP,NDA,1519392,11605,1530997,47764
KOPPAL,K. RAJASHEKAR BASAVARAJ HITNAL,DR . BASAVARAJ. K. SHARANAPPA, INC,I.N.D.I.A.,1324940,3996,1328936,46357
GONDA,KIRTIVARDHAN SINGH,SHREYA VERMA, BJP,NDA,951592,1292,952884,46224
ZAHIRABAD,SURESH KUMAR SHETKAR,B. B. PATIL, INC,I.N.D.I.A.,1225027,11566,1236593,46188
RAJNANDGAON,SANTOSH PANDEY,BHUPESH BAGHEL, BJP,NDA,1444139,1626,1445765,44411
AKBARPUR,DEVENDRA SINGH ALIAS BHOLE SINGH,RAJARAM PAL, BJP,NDA,1079818,7135,1086953,44345
HOSHIARPUR,DR. RAJ KUMAR CHABBEWAL,YAMINI GOMAR, AAAP,I.N.D.I.A.,942810,5675,948485,44111
BHADOHI,DR. VINOD KUMAR BIND,LALITESHPATI TRIPATHI, BJP,NDA,1081697,3296,1084993,44072
HAVERI,BASAVARAJ BOMMAI,ANANDSWAMY GADDADEVARMATH, BJP,NDA,1390513,5299,1395812,43513
FATEHPURSIKRI,RAJKUMAR CHAHAR,RAMNATH SINGH SIKARWAR, BJP,NDA,1028909,5246,1034155,43405
BALLIA,SANATAN PANDEY,NEERAJ SHEKHAR, SP,I.N.D.I.A.,1001968,5354,1007322,43384
KORBA,JYOTSNA CHARANDAS MAHANT,SAROJ PANDEY, INC,I.N.D.I.A.,1222833,2480,1225313,43283
SULTANPUR,RAMBHUAL NISHAD,MANEKA SANJAY GANDHI, SP,I.N.D.I.A.,1030179,3208,1033387,43174
DOMARIYAGANJ,JAGDAMBIKA PAL,BHISHMA SHANKAR ALIAS KUSHAL TIWARI, BJP,NDA,1016183,2782,1018965,42728
HASSAN,SHREYAS. M. PATEL,PRAJWAL REVANNA, INC,I.N.D.I.A.,1348013,6994,1355007,42649
NAGAUR,HANUMAN BENIWAL,JYOTI MIRDHA, RLTP,I.N.D.I.A.,1227911,10562,1238473,42225
KOTA,OM BIRLA,PRAHLAD GUNJAL, BJP,NDA,1487901,12256,1500157,41974
BHIWANI-MAHENDRAGARH,DHARAMBIR SINGH,RAO DAN SINGH, BJP,NDA,1171667,11728,1183395,41510
JAGATSINGHPUR,BIBHU PRASAD TARAI,DR. RAJASHREE MALLICK, BJP,NDA,1280103,6184,1286287,40696
AKOLA,ANUP SANJAY DHOTRE,ABHAY KASHINATH PATIL, BJP,NDA,1167768,5304,1173072,40626
AMRITSAR,GURJEET SINGH AUJLA,KULDEEP SINGH DHALIWAL, INC,I.N.D.I.A.,903326,2330,905656,40301
COOCHBEHAR,JAGADISH CHANDRA BARMA BASUNIA,NISITH PRAMANIK, AITC,I.N.D.I.A.,1615848,7200,1623048,39250
MEDAK,MADHAVANENI RAGHUNANDAN RAO,NEELAM MADHU, BJP,NDA,1372896,13343,1386239,39139
MIRZAPUR,ANUPRIYA PATEL,RAMESH CHAND BIND, ADAL,NDA,1103900,1505,1105405,37810
BIJNOR,CHANDAN CHAUHAN,DEEPAK, RLD,NDA,1020877,3555,1024432,37508
BHANDARAGONDIYA,DR. PRASHANT YADAORAO PADOLE,SUNIL BABURAO MENDHE, INC,I.N.D.I.A.,1224251,10822,1235073,37380
MACHHLISHAHR,PRIYA SAROJ,BHOLANATH (B.P. SAROJ), SP,I.N.D.I.A.,1056972,3091,1060063,35850
UNNAO,SWAMI SACHCHIDANAND HARI SAKSHI,ANNU TANDON, BJP,NDA,1298002,4269,1302271,35818
MAHARAJGANJ,PANKAJ CHAUDHARY,VIRENDRA CHAUDHARY, BJP,NDA,1208722,1729,1210451,35451
BHUBANESWAR,APARAJITA SARANGI,MANMATH KUMAR ROUTRAY, BJP,NDA,1077476,4739,1082215,35152
BADAUN,ADITYA YADAV,DURVIJAY SINGH SHAKYA, SP,I.N.D.I.A.,1090662,1102,1091764,34991
DEORIA,SHASHANK MANI,AKHILESH PRATAP SINGH, BJP,NDA,1040381,2927,1043308,34842
BAREILLY,CHHATRA PAL SINGH GANGWAR,PRAVEEN SINGH ARON, BJP,NDA,1116465,3093,1119558,34804
KHERI,UTKARSH VERMA 'MADHUR',AJAY KUMAR, SP,I.N.D.I.A.,1209810,3549,1213359,34329
FATEHGARHSAHIB,AMAR SINGH,GURPREET SINGH GP, INC,I.N.D.I.A.,971031,3225,974256,34202
MISRIKH,ASHOK KUMAR RAWAT,SANGITA RAJVANSHI, BJP,NDA,1049151,2832,1051983,33406
FATEHPUR,NARESH CHANDRA UTTAM PATEL,NIRANJAN JYOTI, SP,I.N.D.I.A.,1105472,1472,1106944,33199
BANKURA,ARUP CHAKRABORTY,DR. SUBHAS SARKAR, AITC,I.N.D.I.A.,1437806,9868,1447674,32778
SATARA,SHRIMANT CHH UDAYANRAJE PRATAPSINHAMAHARAJ BHONSLE,SHASHIKANT JAYVANTRAO SHINDE, BJP,NDA,1193487,4517,1198004,32771
BANGALORECENTRAL,P C MOHAN,MANSOOR ALI KHAN, BJP,NDA,1313862,2648,1316510,32707
PATAN,DABHI  BHARATSINHJI  SHANKARJI,CHANDANJI TALAJI THAKOR, BJP,NDA,1181373,11752,1193125,31876
ARUNACHALEAST,TAPIR GAO,BOSIRAM SIRAM, BJP,NDA,310213,13230,323443,30421
BANASKANTHA,GENIBEN NAGAJI THAKOR,DR. REKHABEN HITESHBHAI CHAUDHARI, INC,I.N.D.I.A.,1365141,10762,1375903,30406
BUXAR,SUDHAKAR SINGH,MITHILESH TIWARI, RJD,I.N.D.I.A.,1066300,7459,1073759,30091
MUMBAINORTHEAST,SANJAY DINA PATIL,MIHIR CHANDRAKANT KOTECHA, SHSUBT,I.N.D.I.A.,922256,4213,926469,29861
BULDHANA,JADHAV PRATAPRAO GANPATRAO,NARENDRA DAGDU KHEDEKAR, SHS,NDA,1105267,4229,1109496,29479
SHEOHAR,LOVELY ANAND,RITU JAISWAL, JD(U),NDA,1052505,3097,1055602,29143
NAMAKKAL,MATHESWARAN V S,TAMILMANI S, DMK,I.N.D.I.A.,1136116,10187,1146303,29112
KURUKSHETRA,NAVEEN JINDAL,DR SUSHIL GUPTA, BJP,NDA,1202413,3459,1205872,29021
AHMEDNAGAR,NILESH DNYANDEV LANKE,DR. SUJAY RADHAKRISHNA VIKHEPATIL, NCPSP,I.N.D.I.A.,1320318,5159,1325477,28929
AMROHA,KANWAR SINGH TANWAR,KUNWAR DANISH ALI, BJP,NDA,1108635,2055,1110690,28670
ETAH,DEVESH SHAKYA,RAJVEER SINGH (RAJU BHAIYA), SP,I.N.D.I.A.,1007609,2772,1010381,28052
LADAKH,MOHMAD HANEEFA,TSERING NAMGYAL, IND,OTHER,132614,2910,135524,27862
HARDOI,JAI PRAKASH,USHA VERMA, BJP,NDA,1097322,2794,1100116,27856
GULBARGA,RADHAKRISHNA,DR. UMESH G JADHAV, INC,I.N.D.I.A.,1306167,4310,1310477,27205
MEDINIPUR,JUNE MALIAH,AGNIMITRA PAUL, AITC,I.N.D.I.A.,1474654,6909,1481563,27191
DAVANAGERE,DR. PRABHA MALLIKARJUN,GAYITHRI SIDDESHWARA, INC,I.N.D.I.A.,1315951,4417,1320368,26094
MUZAFFARNAGAR,HARENDRA SINGH MALIK,SANJEEV KUMAR BALYAN, SP,I.N.D.I.A.,1075007,3662,1078669,24672
ANDAMAN&NICOBARISLANDS,BISHNU PADA RAY,KULDEEP RAI SHARMA, BJP,NDA,201992,522,202514,24396
PURNIA,RAJESH RANJAN ALIAS PAPPU YADAV,SANTOSH KUMAR, IND,OTHER,1194607,1237,1195844,23847
DUMKA,NALIN SOREN,SITA MURMU, JMM,I.N.D.I.A.,1174681,9451,1184132,22527
SONIPAT,SATPAL BRAHAMCHARI,MOHAN LAL BADOLI, INC,I.N.D.I.A.,1119190,4754,1123944,21816
CHANDAULI,BIRENDRA SINGH,DR. MAHENDRA NATH  PANDEY, SP,I.N.D.I.A.,1113469,3030,1116499,21565
KANDHAMAL,SUKANTA KUMAR PANIGRAHI,ACHYUTANANDA SAMANTA, BJP,NDA,990520,5571,996091,21371
DHARMAPURI,MANI. A.,SOWMIYA ANBUMANI, DMK,I.N.D.I.A.,1238428,9404,1247832,21300
KANPUR,RAMESH AWASTHI,ALOK MISRA, BJP,NDA,882042,5354,887396,20968
LUDHIANA,AMRINDER SINGH RAJA WARRING,RAVNEET SINGH BITTU, INC,I.N.D.I.A.,1057219,1938,1059157,20942
ALATHUR,K.RADHAKRISHNAN,RAMYA HARIDAS, CPI(M),I.N.D.I.A.,981566,10702,992268,20111
ARARIA,PRADEEP KUMAR SINGH,SHAHNAWAZ, BJP,NDA,1250207,2353,1252560,20094
AMRAVATI,BALWANT BASWANT WANKHADE,NAVNEET RAVI RANA, INC,I.N.D.I.A.,1169205,4374,1173579,19731
SASARAM,MANOJ KUMAR,SHIVESH KUMAR, INC,I.N.D.I.A.,1092158,4917,1097075,19157
KARIMGANJ,KRIPANATH MALLAH,HAFIZ RASHID AHMED CHOUDHURY, BJP,NDA,1140349,6533,1146882,18360
JHUNJHUNU,BRIJENDRA SINGH OLA,SHUBHKARAN CHOUDHARY, INC,I.N.D.I.A.,1094908,24019,1118927,18235
PURULIA,JYOTIRMAY SINGH MAHATO,SHANTIRAM MAHATO, BJP,NDA,1428596,5422,1434018,17079
MUMBAINORTHCENTRAL,GAIKWAD VARSHA EKNATH,ADV UJWAL NIKAM, INC,I.N.D.I.A.,907229,3333,910562,16514
THIRUVANANTHAPURAM,SHASHI THAROOR,RAJEEV CHANDRASEKHAR, INC,I.N.D.I.A.,950874,12109,962983,16077
AONLA,NEERAJ MAURYA,DHARMENDRA KASHYAP, SP,I.N.D.I.A.,1086120,2776,1088896,15969
ALIGARH,SATISH KUMAR GAUTAM,BIJENDRA SINGH, BJP,NDA,1131155,2211,1133366,15647
PATIALA,DR DHARAMVIRA GANDHI,DR BALBIR SINGH, INC,I.N.D.I.A.,1149065,2678,1151743,14831
THIRUPATHI(SC),GURUMOORTHY MADDILA,VARA PRASAD RAO VELAGAPALLI, YSRCP,OTHER,1365358,17212,1382570,14569
SARAN,RAJIV PRATAP RUDY,ROHINI ACHARYA, BJP,NDA,1018494,3014,1021508,13661
SOUTHGOA,CAPTAIN  VIRIATO FERNANDES,PALLAVI SHRINIVAS DEMPO, INC,I.N.D.I.A.,445924,4596,450520,13535
HATKANANGALE,DHAIRYASHEEL SAMBHAJIRAO MANE,SATYAJEET BABASAHEB PATIL (AABA) SARUDKAR, SHS,NDA,1290191,5833,1296024,13426
MAVELIKKARA,KODIKUNNIL SURESH,ADV ARUN KUMAR C A, INC,I.N.D.I.A.,878986,15985,894971,10868
ANANDPURSAHIB,MALVINDER SINGH KANG,VIJAY INDER SINGLA, AAAP,I.N.D.I.A.,1073709,3414,1077123,10846
MEERUT,ARUN GOVIL,SUNITA VERMA, BJP,NDA,1179112,3367,1182479,10585
BALURGHAT,SUKANTA MAJUMDAR,BIPLAB MITRA, BJP,NDA,1233664,3644,1237308,10386
BEED,BAJRANG MANOHAR SONWANE,PANKAJA GOPINATHRAO MUNDE, NCPSP,I.N.D.I.A.,1518614,3681,1522295,6553
ARAMBAGH,BAG MITALI,ARUP KANTI DIGAR, AITC,I.N.D.I.A.,1554300,4779,1559079,6399
DAMAN&DIU,PATEL UMESHBHAI BABUBHAI,LALUBHAI BABUBHAI PATEL, IND,OTHER,92279,131,92410,6225
BISHNUPUR,KHAN SAUMITRA,SUJATA MONDAL, BJP,NDA,1506951,6921,1513872,5567
MAHBUBNAGAR,ARUNA. D. K,CHALLA VAMSHI CHAND REDDY, BJP,NDA,1218323,7755,1226078,4500
DHAURAHRA,ANAND BHADAURIYA,REKHA VERMA, SP,I.N.D.I.A.,1109492,2355,1111847,4449
VIRUDHUNAGAR,MANICKAM TAGORE B,VIJAYAPRABHAKARAN V, INC,I.N.D.I.A.,1053507,8394,1061901,4379
PHULPUR,PRAVEEN PATEL,AMAR NATH SINGH MAURYA, BJP,NDA,1011627,3197,1014824,4332
DHULE,BACHHAV SHOBHA DINESH,BHAMRE SUBHASH RAMRAO, INC,I.N.D.I.A.,1215525,3770,1219295,3831
SALEMPUR,RAMASHANKAR RAJBHAR,RAVINDAR KUSHAWAHA, SP,I.N.D.I.A.,913701,3661,917362,3573
FIROZPUR,SHER SINGH GHUBAYA,JAGDEEP SINGH KAKA BRAR, INC,I.N.D.I.A.,1117934,7181,1125115,3242
BANSGAON,KAMLESH PASWAN,SADAL PRASAD, BJP,NDA,941708,3055,944763,3150
FARRUKHABAD,MUKESH RAJPUT,DR. NAVAL KISHOR SHAKYA, BJP,NDA,1031784,2010,1033794,2678
LAKSHADWEEP,MUHAMMED HAMDULLAH SAYEED,MOHAMMED FAIZAL PP, INC,I.N.D.I.A.,48630,570,49200,2647
HAMIRPUR,AJENDRA SINGH LODHI,KUNWAR PUSHPENDRA SINGH CHANDEL, SP,I.N.D.I.A.,1113768,1531,1115299,2629
CHANDIGARH,MANISH TEWARI,SANJAY TANDON, INC,I.N.D.I.A.,448548,727,449275,2504
KANKER,BHOJRAJ NAG,BIRESH THAKUR, BJP,NDA,1260153,5276,1265429,1884
JAIPURRURAL,RAO RAJENDRA SINGH,ANIL CHOPRA, BJP,NDA,1237966,24088,1262054,1615
JAJPUR,RABINDRA NARAYAN BEHERA,SARMISTHA SETHI, BJP,NDA,1151847,9361,1161208,1587
ATTINGAL,ADV ADOOR PRAKASH,V JOY, INC,I.N.D.I.A.,970517,14824,985341,684
MUMBAINORTHWEST,RAVINDRA DATTARAM WAIKAR,AMOL GAJANAN KIRTIKAR, SHS,NDA,951582,3357,954939,48
SURAT,MUKESHKUMAR CHANDRAKAANT DALAL (Uncontested),MUKESHKUMAR CHANDRAKAANT DALAL ( Uncontested ), BJP,NDA,0,0,0,0
